characteristics,factors,ap_tree_max_depth,ap_tree_min_samples_leaf,feature_order,count,n_windows,avg_leaf_depth,avg_n_stocks
"hml,smb",mkt,11,5,hml>hml>smb>smb,16,7,4.0,6.8125
"hml,smb",mkt,11,5,hml>hml>smb>smb>hml>hml>smb,13,2,7.0,6.461538461538462
"hml,smb",mkt,11,5,hml>hml>smb>smb>smb>hml,12,5,6.0,6.5
"hml,smb",mkt,11,5,hml>smb>hml>smb>smb>hml>smb,11,3,7.0,6.0
"hml,smb",mkt,11,5,hml>hml>hml>smb>smb>smb>hml>hml>hml>smb>hml,10,1,11.0,16.4
"hml,smb",mkt,11,5,hml>smb>hml>smb>hml,10,5,5.0,6.7
"hml,smb",mkt,11,5,hml>smb>hml>smb>hml>smb>hml>smb,10,2,8.0,7.1
"hml,smb",mkt,11,5,hml>smb>hml>smb>hml>smb>smb>smb>hml,10,4,9.0,6.1
"hml,smb",mkt,11,5,hml>smb>hml>smb>hml>hml>smb>smb,9,3,8.0,5.888888888888889
"hml,smb",mkt,11,5,hml>smb>hml>smb>hml>smb>smb,9,4,7.0,6.777777777777778
"hml,smb",mkt,11,5,hml>hml>hml>smb>hml>hml>smb>smb>smb>hml,8,2,10.0,7.0
"hml,smb",mkt,11,5,hml>hml>hml>smb>hml>hml>smb>smb>smb>smb>smb,8,2,11.0,11.5
"hml,smb",mkt,11,5,hml>hml>hml>smb>hml>smb>hml,8,3,7.0,6.75
"hml,smb",mkt,11,5,hml>hml>hml>smb>smb>smb>smb>hml>hml>hml>smb,8,1,11.0,57.0
"hml,smb",mkt,11,5,hml>hml>smb>smb>hml>smb,8,4,6.0,7.0
"hml,smb",mkt,11,5,hml>hml>smb>smb>smb,8,6,5.0,6.625
"hml,smb",mkt,11,5,hml>hml>smb>smb>smb>smb,8,3,6.0,6.875
"hml,smb",mkt,11,5,hml>hml>smb>smb>smb>smb>hml>hml,8,3,8.0,6.375
"hml,smb",mkt,11,5,hml>smb>hml>smb>hml>hml>smb,8,4,7.0,7.5
"hml,smb",mkt,11,5,hml>smb>hml>smb>hml>hml>smb>smb>smb,8,4,9.0,7.25
"hml,smb",mkt,11,5,hml>smb>hml>smb>smb>hml>smb>hml>hml>smb,8,2,10.0,6.25
"hml,smb",mkt,11,5,hml>smb>smb>hml>hml>hml>hml>hml>hml>smb>smb,8,1,11.0,12.25
"hml,smb",mkt,11,5,smb>hml>hml>smb>hml>hml>hml>hml>hml>hml>smb,8,1,11.0,10.375
"hml,smb",mkt,11,5,hml>hml>hml>smb>hml>hml>hml>smb,7,2,8.0,7.285714285714286
"hml,smb",mkt,11,5,hml>hml>smb>smb>hml>hml>smb>smb,7,2,8.0,6.857142857142857
"hml,smb",mkt,11,5,hml>hml>smb>smb>hml>hml>smb>smb>smb,7,1,9.0,6.571428571428571
"hml,smb",mkt,11,5,hml>hml>smb>smb>smb>hml>smb>hml,7,2,8.0,6.714285714285714
"hml,smb",mkt,11,5,hml>smb>hml>smb,7,4,4.0,6.0
"hml,smb",mkt,11,5,hml>smb>hml>smb>hml>smb,7,4,6.0,6.428571428571429
"hml,smb",mkt,11,5,hml>smb>hml>smb>smb,7,3,5.0,5.428571428571429
"hml,smb",mkt,11,5,hml>smb>hml>smb>smb>hml>hml>smb>smb,7,2,9.0,6.571428571428571
"hml,smb",mkt,11,5,hml>smb>hml>smb>smb>smb>smb>smb>hml>hml,7,1,10.0,6.142857142857143
"hml,smb",mkt,11,5,hml>smb>smb>hml>hml,7,4,5.0,6.428571428571429
"hml,smb",mkt,11,5,smb>hml>hml>smb,7,2,4.0,5.857142857142857
"hml,smb",mkt,11,5,hml>hml>hml>hml>smb>smb>smb>smb>hml,6,1,9.0,6.5
"hml,smb",mkt,11,5,hml>hml>hml>smb>hml>hml>hml>smb>hml>hml>smb,6,1,11.0,21.166666666666668
"hml,smb",mkt,11,5,hml>hml>hml>smb>hml>hml>smb,6,2,7.0,5.5
"hml,smb",mkt,11,5,hml>hml>hml>smb>hml>hml>smb>hml,6,2,8.0,7.166666666666667
"hml,smb",mkt,11,5,hml>hml>hml>smb>hml>hml>smb>smb>smb,6,2,9.0,6.0
"hml,smb",mkt,11,5,hml>hml>hml>smb>hml>smb>hml>smb>smb>smb,6,2,10.0,7.333333333333333
"hml,smb",mkt,11,5,hml>hml>hml>smb>hml>smb>hml>smb>smb>smb>hml,6,1,11.0,12.833333333333334
"hml,smb",mkt,11,5,hml>hml>hml>smb>smb>hml>hml>smb,6,2,8.0,6.333333333333333
"hml,smb",mkt,11,5,hml>hml>hml>smb>smb>smb>hml>hml>hml>smb>smb,6,1,11.0,12.666666666666666
"hml,smb",mkt,11,5,hml>hml>smb,6,5,3.0,6.0
"hml,smb",mkt,11,5,hml>hml>smb>hml>smb,6,3,5.0,5.333333333333333
"hml,smb",mkt,11,5,hml>hml>smb>hml>smb>hml>hml>hml>smb,6,1,9.0,6.333333333333333
"hml,smb",mkt,11,5,hml>hml>smb>smb>hml,6,2,5.0,6.0
"hml,smb",mkt,11,5,hml>hml>smb>smb>hml>hml>smb>smb>hml,6,2,9.0,6.333333333333333
"hml,smb",mkt,11,5,hml>hml>smb>smb>smb>hml>hml,6,2,7.0,6.0
"hml,smb",mkt,11,5,hml>hml>smb>smb>smb>hml>smb,6,3,7.0,5.833333333333333
"hml,smb",mkt,11,5,hml>smb>hml>hml>hml>smb>hml>smb>hml>hml>smb,6,1,11.0,6.0
"hml,smb",mkt,11,5,hml>smb>hml>smb>hml>hml>smb>hml,6,2,8.0,5.833333333333333
"hml,smb",mkt,11,5,hml>smb>hml>smb>smb>hml>hml>hml>smb,6,4,9.0,7.333333333333333
"hml,smb",mkt,11,5,hml>smb>hml>smb>smb>hml>hml>smb>hml>smb,6,2,10.0,6.666666666666667
"hml,smb",mkt,11,5,hml>smb>hml>smb>smb>hml>smb>hml,6,3,8.0,6.0
"hml,smb",mkt,11,5,hml>smb>smb>hml>hml>smb,6,2,6.0,6.166666666666667
"hml,smb",mkt,11,5,smb>hml>hml>hml>hml>hml>smb>hml>smb>smb>hml,6,1,11.0,7.5
"hml,smb",mkt,11,5,smb>hml>hml>smb>smb,6,2,5.0,6.666666666666667
"hml,smb",mkt,11,5,smb>hml>smb>smb>smb>hml>smb>smb>hml>hml>hml,6,1,11.0,17.666666666666668
"hml,smb",mkt,11,5,hml>hml>hml>hml>smb>smb>smb>smb,5,1,8.0,6.4
"hml,smb",mkt,11,5,hml>hml>hml>smb>hml>hml>smb>hml>hml,5,1,9.0,7.2
"hml,smb",mkt,11,5,hml>hml>hml>smb>hml>smb,5,3,6.0,6.2
"hml,smb",mkt,11,5,hml>hml>hml>smb>smb>smb>hml,5,2,7.0,5.8
"hml,smb",mkt,11,5,hml>hml>hml>smb>smb>smb>smb>hml,5,2,8.0,7.0
"hml,smb",mkt,11,5,hml>hml>hml>smb>smb>smb>smb>hml>hml,5,2,9.0,6.4
"hml,smb",mkt,11,5,hml>hml>smb>smb>hml>hml,5,3,6.0,6.2
"hml,smb",mkt,11,5,hml>hml>smb>smb>hml>hml>smb>hml,5,1,8.0,6.6
"hml,smb",mkt,11,5,hml>hml>smb>smb>hml>smb>smb,5,2,7.0,6.4
"hml,smb",mkt,11,5,hml>hml>smb>smb>smb>hml>hml>smb,5,3,8.0,6.2
"hml,smb",mkt,11,5,hml>hml>smb>smb>smb>smb>hml>smb>hml,5,1,9.0,6.2
"hml,smb",mkt,11,5,hml>smb>hml>smb>hml>hml,5,3,6.0,7.0
"hml,smb",mkt,11,5,hml>smb>hml>smb>hml>hml>hml,5,3,7.0,7.4
"hml,smb",mkt,11,5,hml>smb>hml>smb>hml>hml>hml>smb,5,3,8.0,6.2
"hml,smb",mkt,11,5,hml>smb>hml>smb>hml>smb>hml,5,2,7.0,6.4
"hml,smb",mkt,11,5,hml>smb>hml>smb>hml>smb>smb>hml,5,2,8.0,6.8
"hml,smb",mkt,11,5,hml>smb>hml>smb>hml>smb>smb>hml>hml,5,3,9.0,6.8
"hml,smb",mkt,11,5,hml>smb>hml>smb>smb>hml,5,2,6.0,6.0
"hml,smb",mkt,11,5,hml>smb>hml>smb>smb>smb>hml>hml,5,2,8.0,6.8
"hml,smb",mkt,11,5,hml>smb>smb>hml,5,3,4.0,7.0
"hml,smb",mkt,11,5,hml>smb>smb>hml>hml>hml>hml>hml>hml>smb,5,1,10.0,7.6
"hml,smb",mkt,11,5,hml>smb>smb>hml>hml>hml>smb>smb>hml,5,1,9.0,5.8
"hml,smb",mkt,11,5,hml>smb>smb>hml>hml>smb>hml,5,3,7.0,6.8
"hml,smb",mkt,11,5,hml>smb>smb>hml>hml>smb>hml>hml,5,2,8.0,6.4
"hml,smb",mkt,11,5,hml>smb>smb>hml>hml>smb>smb>hml>hml,5,2,9.0,7.0
"hml,smb",mkt,11,5,hml>smb>smb>hml>hml>smb>smb>hml>hml>hml,5,2,10.0,5.4
"hml,smb",mkt,11,5,hml>smb>smb>hml>hml>smb>smb>hml>hml>smb,5,2,10.0,5.8
"hml,smb",mkt,11,5,hml>smb>smb>hml>smb>hml,5,3,6.0,6.0
"hml,smb",mkt,11,5,smb>hml>hml>hml>hml>hml>smb,5,1,7.0,5.8
"hml,smb",mkt,11,5,hml>hml>hml>hml>hml>hml>hml>smb>smb>smb,4,1,10.0,5.5
"hml,smb",mkt,11,5,hml>hml>hml>hml>smb>hml,4,2,6.0,6.0
"hml,smb",mkt,11,5,hml>hml>hml>hml>smb>hml>hml>smb,4,1,8.0,6.25
"hml,smb",mkt,11,5,hml>hml>hml>hml>smb>smb>smb>smb>hml>smb>hml,4,1,11.0,14.0
"hml,smb",mkt,11,5,hml>hml>hml>smb,4,2,4.0,5.75
"hml,smb",mkt,11,5,hml>hml>hml>smb>hml,4,3,5.0,6.75
"hml,smb",mkt,11,5,hml>hml>hml>smb>hml>hml>hml>smb>hml>smb>smb,4,1,11.0,9.25
"hml,smb",mkt,11,5,hml>hml>hml>smb>hml>hml>smb>smb>hml>hml>smb,4,1,11.0,6.75
"hml,smb",mkt,11,5,hml>hml>hml>smb>hml>hml>smb>smb>hml>smb>smb,4,2,11.0,10.25
"hml,smb",mkt,11,5,hml>hml>hml>smb>hml>hml>smb>smb>smb>hml>smb,4,2,11.0,6.5
"hml,smb",mkt,11,5,hml>hml>hml>smb>hml>hml>smb>smb>smb>smb,4,1,10.0,5.25
"hml,smb",mkt,11,5,hml>hml>hml>smb>hml>hml>smb>smb>smb>smb>hml,4,1,11.0,6.5
"hml,smb",mkt,11,5,hml>hml>hml>smb>hml>smb>hml>hml>smb>hml>smb,4,1,11.0,9.5
"hml,smb",mkt,11,5,hml>hml>hml>smb>hml>smb>smb>smb,4,2,8.0,5.75
"hml,smb",mkt,11,5,hml>hml>hml>smb>smb>hml>hml>smb>smb>smb>smb,4,1,11.0,6.25
"hml,smb",mkt,11,5,hml>hml>hml>smb>smb>smb>hml>hml,4,1,8.0,7.0
"hml,smb",mkt,11,5,hml>hml>hml>smb>smb>smb>hml>hml>hml>smb,4,1,10.0,5.75
"hml,smb",mkt,11,5,hml>hml>hml>smb>smb>smb>hml>smb>smb>hml>smb,4,1,11.0,6.25
"hml,smb",mkt,11,5,hml>hml>hml>smb>smb>smb>smb>hml>hml>hml,4,2,10.0,7.75
"hml,smb",mkt,11,5,hml>hml>smb>hml,4,3,4.0,6.75
"hml,smb",mkt,11,5,hml>hml>smb>smb>hml>hml>hml,4,1,7.0,6.5
"hml,smb",mkt,11,5,hml>hml>smb>smb>hml>hml>hml>smb,4,2,8.0,6.0
"hml,smb",mkt,11,5,hml>hml>smb>smb>hml>hml>hml>smb>hml>smb,4,1,10.0,5.75
"hml,smb",mkt,11,5,hml>hml>smb>smb>hml>hml>smb>hml>hml>smb,4,1,10.0,5.0
"hml,smb",mkt,11,5,hml>hml>smb>smb>hml>hml>smb>hml>smb,4,1,9.0,6.75
"hml,smb",mkt,11,5,hml>hml>smb>smb>hml>hml>smb>smb>hml>smb,4,2,10.0,5.5
"hml,smb",mkt,11,5,hml>hml>smb>smb>hml>smb>smb>smb>smb>smb>hml,4,1,11.0,7.75
"hml,smb",mkt,11,5,hml>hml>smb>smb>smb>hml>smb>smb,4,2,8.0,6.25
"hml,smb",mkt,11,5,hml>hml>smb>smb>smb>smb>hml,4,2,7.0,6.0
"hml,smb",mkt,11,5,hml>hml>smb>smb>smb>smb>smb>hml>hml>smb>smb,4,1,11.0,49.75
"hml,smb",mkt,11,5,hml>smb>hml>hml>smb>hml>hml>smb>hml>hml>smb,4,1,11.0,33.0
"hml,smb",mkt,11,5,hml>smb>hml>hml>smb>smb>hml>hml>hml>smb>smb,4,1,11.0,85.0
"hml,smb",mkt,11,5,hml>smb>hml>hml>smb>smb>smb>smb>smb>smb>hml,4,1,11.0,10.5
"hml,smb",mkt,11,5,hml>smb>hml>smb>hml>smb>hml>hml>smb>hml>hml,4,1,11.0,7.25
"hml,smb",mkt,11,5,hml>smb>hml>smb>hml>smb>hml>hml>smb>smb>hml,4,1,11.0,10.75
"hml,smb",mkt,11,5,hml>smb>hml>smb>hml>smb>hml>smb>smb,4,2,9.0,6.25
"hml,smb",mkt,11,5,hml>smb>hml>smb>hml>smb>smb>smb>smb,4,1,9.0,5.75
"hml,smb",mkt,11,5,hml>smb>hml>smb>smb>hml>hml>hml,4,2,8.0,5.75
"hml,smb",mkt,11,5,hml>smb>hml>smb>smb>hml>hml>hml>hml>smb>hml,4,1,11.0,5.75
"hml,smb",mkt,11,5,hml>smb>hml>smb>smb>hml>hml>hml>smb>hml,4,2,10.0,5.5
"hml,smb",mkt,11,5,hml>smb>hml>smb>smb>hml>hml>smb>hml>hml,4,1,10.0,5.75
"hml,smb",mkt,11,5,hml>smb>hml>smb>smb>hml>hml>smb>smb>hml>smb,4,1,11.0,6.5
"hml,smb",mkt,11,5,hml>smb>hml>smb>smb>hml>smb>hml>smb>hml>hml,4,2,11.0,9.75
"hml,smb",mkt,11,5,hml>smb>hml>smb>smb>hml>smb>smb,4,2,8.0,7.75
"hml,smb",mkt,11,5,hml>smb>hml>smb>smb>hml>smb>smb>smb>smb>hml,4,1,11.0,7.25
"hml,smb",mkt,11,5,hml>smb>hml>smb>smb>smb>hml>hml>smb,4,2,9.0,5.25
"hml,smb",mkt,11,5,hml>smb>smb>hml>hml>hml>hml>hml>smb,4,1,9.0,6.25
"hml,smb",mkt,11,5,hml>smb>smb>hml>hml>hml>hml>hml>smb>smb>hml,4,1,11.0,31.5
"hml,smb",mkt,11,5,hml>smb>smb>hml>hml>hml>smb>hml>hml,4,2,9.0,5.75
"hml,smb",mkt,11,5,hml>smb>smb>hml>hml>hml>smb>smb>hml>smb,4,1,10.0,6.5
"hml,smb",mkt,11,5,hml>smb>smb>hml>hml>smb>smb>hml>hml>smb>smb,4,2,11.0,15.5
"hml,smb",mkt,11,5,hml>smb>smb>hml>hml>smb>smb>hml>smb>smb>smb,4,2,11.0,11.25
"hml,smb",mkt,11,5,hml>smb>smb>hml>smb>hml>smb>hml>hml,4,1,9.0,5.5
"hml,smb",mkt,11,5,smb>hml>hml>hml>hml>hml>smb>hml>smb>smb>smb,4,1,11.0,8.0
"hml,smb",mkt,11,5,smb>hml>hml>hml>hml>hml>smb>smb,4,1,8.0,7.0
"hml,smb",mkt,11,5,smb>hml>hml>hml>hml>hml>smb>smb>smb,4,1,9.0,6.5
"hml,smb",mkt,11,5,smb>hml>hml>smb>hml>smb,4,1,6.0,6.25
"hml,smb",mkt,11,5,smb>hml>smb>smb>smb>hml>smb>hml,4,1,8.0,6.75
"hml,smb",mkt,11,5,smb>hml>smb>smb>smb>hml>smb>hml>hml,4,1,9.0,5.25
"hml,smb",mkt,11,5,smb>hml>smb>smb>smb>hml>smb>hml>hml>hml>hml,4,1,11.0,19.75
"hml,smb",mkt,11,5,smb>hml>smb>smb>smb>hml>smb>hml>hml>hml>smb,4,1,11.0,17.25
"hml,smb",mkt,11,5,smb>hml>smb>smb>smb>hml>smb>hml>smb>smb>hml,4,1,11.0,18.0
"hml,smb",mkt,11,5,smb>hml>smb>smb>smb>hml>smb>smb>hml>smb>smb,4,1,11.0,8.75
"hml,smb",mkt,11,5,hml>hml>hml>hml>hml>smb>smb>smb>hml,3,1,9.0,6.333333333333333
"hml,smb",mkt,11,5,hml>hml>hml>hml>smb>smb>hml,3,1,7.0,5.0
"hml,smb",mkt,11,5,hml>hml>hml>hml>smb>smb>smb>hml,3,1,8.0,7.666666666666667
"hml,smb",mkt,11,5,hml>hml>hml>smb>hml>hml>smb>smb,3,2,8.0,6.0
"hml,smb",mkt,11,5,hml>hml>hml>smb>hml>hml>smb>smb>hml,3,2,9.0,5.333333333333333
"hml,smb",mkt,11,5,hml>hml>hml>smb>hml>smb>hml>smb,3,2,8.0,8.0
"hml,smb",mkt,11,5,hml>hml>hml>smb>hml>smb>smb>hml>hml,3,2,9.0,6.333333333333333
"hml,smb",mkt,11,5,hml>hml>hml>smb>smb>hml>hml>smb>smb,3,1,9.0,7.333333333333333
"hml,smb",mkt,11,5,hml>hml>hml>smb>smb>smb,3,2,6.0,6.333333333333333
"hml,smb",mkt,11,5,hml>hml>hml>smb>smb>smb>smb,3,1,7.0,5.333333333333333
"hml,smb",mkt,11,5,hml>hml>smb>smb>hml>smb>smb>smb,3,2,8.0,8.0
"hml,smb",mkt,11,5,hml>hml>smb>smb>smb>hml>hml>smb>smb>smb,3,1,10.0,6.333333333333333
"hml,smb",mkt,11,5,hml>hml>smb>smb>smb>smb>hml>smb,3,1,8.0,6.0
"hml,smb",mkt,11,5,hml>smb>hml>hml>hml>smb>smb,3,1,7.0,8.333333333333334
"hml,smb",mkt,11,5,hml>smb>hml>hml>smb>hml>hml>hml>smb,3,1,9.0,7.0
"hml,smb",mkt,11,5,hml>smb>hml>hml>smb>hml>hml>smb>hml>smb,3,1,10.0,5.333333333333333
"hml,smb",mkt,11,5,hml>smb>hml>hml>smb>smb>hml>hml,3,1,8.0,5.666666666666667
"hml,smb",mkt,11,5,hml>smb>hml>hml>smb>smb>smb>hml>smb>hml,3,1,10.0,5.333333333333333
"hml,smb",mkt,11,5,hml>smb>hml>smb>hml>hml>hml>smb>hml>smb,3,1,10.0,7.0
"hml,smb",mkt,11,5,hml>smb>hml>smb>hml>hml>smb>smb>smb>hml,3,2,10.0,5.333333333333333
"hml,smb",mkt,11,5,hml>smb>hml>smb>hml>hml>smb>smb>smb>smb,3,1,10.0,7.0
"hml,smb",mkt,11,5,hml>smb>hml>smb>hml>smb>smb>smb,3,2,8.0,5.0
"hml,smb",mkt,11,5,hml>smb>hml>smb>hml>smb>smb>smb>hml>hml,3,2,10.0,6.666666666666667
"hml,smb",mkt,11,5,hml>smb>hml>smb>smb>hml>hml,3,2,7.0,6.333333333333333
"hml,smb",mkt,11,5,hml>smb>hml>smb>smb>hml>hml>hml>smb>smb,3,1,10.0,6.0
"hml,smb",mkt,11,5,hml>smb>hml>smb>smb>hml>hml>smb>hml,3,2,9.0,6.666666666666667
"hml,smb",mkt,11,5,hml>smb>hml>smb>smb>hml>smb>hml>smb,3,2,9.0,7.666666666666667
"hml,smb",mkt,11,5,hml>smb>hml>smb>smb>smb>smb>hml>hml>hml,3,1,10.0,6.333333333333333
"hml,smb",mkt,11,5,hml>smb>hml>smb>smb>smb>smb>hml>smb,3,2,9.0,6.666666666666667
"hml,smb",mkt,11,5,hml>smb>hml>smb>smb>smb>smb>smb,3,1,8.0,6.0
"hml,smb",mkt,11,5,hml>smb>hml>smb>smb>smb>smb>smb>hml,3,1,9.0,5.666666666666667
"hml,smb",mkt,11,5,hml>smb>smb>hml>hml>hml>hml,3,2,7.0,8.0
"hml,smb",mkt,11,5,hml>smb>smb>hml>hml>hml>smb>smb,3,2,8.0,7.333333333333333
"hml,smb",mkt,11,5,hml>smb>smb>hml>hml>smb>smb,3,1,7.0,7.333333333333333
"hml,smb",mkt,11,5,hml>smb>smb>hml>hml>smb>smb>hml>smb>smb,3,2,10.0,5.333333333333333
"hml,smb",mkt,11,5,hml>smb>smb>hml>smb,3,3,5.0,7.666666666666667
"hml,smb",mkt,11,5,hml>smb>smb>hml>smb>hml>smb>smb>hml,3,1,9.0,6.0
"hml,smb",mkt,11,5,hml>smb>smb>hml>smb>smb,3,2,6.0,5.0
"hml,smb",mkt,11,5,smb>hml>hml>smb>hml>hml>smb>smb>hml,3,1,9.0,5.333333333333333
"hml,smb",mkt,11,5,smb>hml>hml>smb>smb>smb,3,1,6.0,8.333333333333334
"hml,smb",mkt,11,5,smb>hml>smb>smb>hml>smb>smb>smb>hml>hml,3,1,10.0,6.333333333333333
"hml,smb",mkt,11,5,smb>hml>smb>smb>smb>hml>smb>hml>smb,3,1,9.0,5.666666666666667
"hml,smb",mkt,11,5,smb>hml>smb>smb>smb>hml>smb>smb>hml>hml,3,1,10.0,6.333333333333333
"hml,smb",mkt,11,5,smb>smb>hml>hml>hml>smb,3,1,6.0,5.666666666666667
"hml,smb",mkt,11,5,smb>smb>hml>hml>hml>smb>hml>hml>smb,3,1,9.0,6.333333333333333
"hml,smb",mkt,11,5,smb>smb>hml>hml>hml>smb>hml>hml>smb>hml,3,1,10.0,6.0
"hml,smb",mkt,11,5,smb>smb>hml>hml>hml>smb>smb>smb,3,1,8.0,6.333333333333333
"hml,smb",mkt,11,5,smb>smb>hml>smb>smb>smb>hml>hml>hml,3,1,9.0,6.666666666666667
"hml,smb",mkt,11,5,hml,2,2,1.0,7.5
"hml,smb",mkt,11,5,hml>hml>hml>hml>hml>hml>hml>hml>smb,2,1,9.0,7.0
"hml,smb",mkt,11,5,hml>hml>hml>hml>hml>hml>hml>hml>smb>hml>hml,2,1,11.0,9.5
"hml,smb",mkt,11,5,hml>hml>hml>hml>hml>hml>hml>hml>smb>hml>smb,2,1,11.0,35.0
"hml,smb",mkt,11,5,hml>hml>hml>hml>hml>hml>hml>hml>smb>smb,2,1,10.0,8.0
"hml,smb",mkt,11,5,hml>hml>hml>hml>hml>hml>hml>smb>smb,2,1,9.0,9.0
"hml,smb",mkt,11,5,hml>hml>hml>hml>hml>hml>smb>smb>smb,2,1,9.0,5.5
"hml,smb",mkt,11,5,hml>hml>hml>hml>hml>smb>smb>hml,2,1,8.0,6.5
"hml,smb",mkt,11,5,hml>hml>hml>hml>hml>smb>smb>hml>hml>hml,2,1,10.0,7.0
"hml,smb",mkt,11,5,hml>hml>hml>hml>hml>smb>smb>hml>smb,2,1,9.0,6.5
"hml,smb",mkt,11,5,hml>hml>hml>hml>hml>smb>smb>smb,2,1,8.0,7.0
"hml,smb",mkt,11,5,hml>hml>hml>hml>hml>smb>smb>smb>hml>hml,2,1,10.0,6.5
"hml,smb",mkt,11,5,hml>hml>hml>hml>smb>hml>hml,2,1,7.0,8.5
"hml,smb",mkt,11,5,hml>hml>hml>hml>smb>smb>hml>hml,2,1,8.0,5.5
"hml,smb",mkt,11,5,hml>hml>hml>hml>smb>smb>smb>hml>hml,2,1,9.0,6.0
"hml,smb",mkt,11,5,hml>hml>hml>hml>smb>smb>smb>smb>hml>smb>smb,2,1,11.0,8.5
"hml,smb",mkt,11,5,hml>hml>hml>hml>smb>smb>smb>smb>smb>hml>hml,2,1,11.0,18.0
"hml,smb",mkt,11,5,hml>hml>hml>hml>smb>smb>smb>smb>smb>hml>smb,2,1,11.0,5.0
"hml,smb",mkt,11,5,hml>hml>hml>smb>hml>hml,2,2,6.0,8.0
"hml,smb",mkt,11,5,hml>hml>hml>smb>hml>hml>hml>smb>hml>hml,2,1,10.0,6.5
"hml,smb",mkt,11,5,hml>hml>hml>smb>hml>hml>hml>smb>hml>hml>hml,2,1,11.0,128.5
"hml,smb",mkt,11,5,hml>hml>hml>smb>hml>hml>hml>smb>smb>hml,2,1,10.0,7.5
"hml,smb",mkt,11,5,hml>hml>hml>smb>hml>hml>smb>hml>hml>smb>hml,2,1,11.0,8.0
"hml,smb",mkt,11,5,hml>hml>hml>smb>hml>hml>smb>hml>smb,2,1,9.0,5.5
"hml,smb",mkt,11,5,hml>hml>hml>smb>hml>hml>smb>smb>hml>smb,2,2,10.0,5.0
"hml,smb",mkt,11,5,hml>hml>hml>smb>hml>smb>hml>hml>smb,2,1,9.0,6.0
"hml,smb",mkt,11,5,hml>hml>hml>smb>hml>smb>hml>hml>smb>smb>smb,2,1,11.0,5.5
"hml,smb",mkt,11,5,hml>hml>hml>smb>hml>smb>hml>smb>smb>smb>smb,2,1,11.0,18.5
"hml,smb",mkt,11,5,hml>hml>hml>smb>hml>smb>smb,2,1,7.0,7.5
"hml,smb",mkt,11,5,hml>hml>hml>smb>hml>smb>smb>hml,2,2,8.0,5.5
"hml,smb",mkt,11,5,hml>hml>hml>smb>hml>smb>smb>hml>hml>hml,2,1,10.0,5.5
"hml,smb",mkt,11,5,hml>hml>hml>smb>smb,2,2,5.0,7.5
"hml,smb",mkt,11,5,hml>hml>hml>smb>smb>hml>hml>smb>hml>hml>hml,2,1,11.0,13.0
"hml,smb",mkt,11,5,hml>hml>hml>smb>smb>hml>hml>smb>hml>smb>hml,2,1,11.0,7.5
"hml,smb",mkt,11,5,hml>hml>hml>smb>smb>hml>hml>smb>hml>smb>smb,2,1,11.0,21.0
"hml,smb",mkt,11,5,hml>hml>hml>smb>smb>hml>hml>smb>smb>hml>hml,2,1,11.0,7.0
"hml,smb",mkt,11,5,hml>hml>hml>smb>smb>hml>hml>smb>smb>smb>hml,2,1,11.0,9.0
"hml,smb",mkt,11,5,hml>hml>hml>smb>smb>smb>hml>hml>hml>hml,2,1,10.0,5.0
"hml,smb",mkt,11,5,hml>hml>hml>smb>smb>smb>hml>hml>hml>hml>hml,2,1,11.0,9.0
"hml,smb",mkt,11,5,hml>hml>hml>smb>smb>smb>hml>hml>hml>hml>smb,2,1,11.0,5.0
"hml,smb",mkt,11,5,hml>hml>hml>smb>smb>smb>hml>smb>hml,2,1,9.0,5.5
"hml,smb",mkt,11,5,hml>hml>hml>smb>smb>smb>hml>smb>smb>hml,2,1,10.0,6.5
"hml,smb",mkt,11,5,hml>hml>hml>smb>smb>smb>smb>hml>hml>smb>smb,2,1,11.0,11.0
"hml,smb",mkt,11,5,hml>hml>smb>hml>hml,2,2,5.0,7.5
"hml,smb",mkt,11,5,hml>hml>smb>hml>hml>hml,2,1,6.0,5.5
"hml,smb",mkt,11,5,hml>hml>smb>hml>hml>smb,2,1,6.0,5.0
"hml,smb",mkt,11,5,hml>hml>smb>hml>smb>hml>hml>hml>hml>hml,2,1,10.0,5.5
"hml,smb",mkt,11,5,hml>hml>smb>hml>smb>hml>hml>smb>smb>smb,2,1,10.0,5.5
"hml,smb",mkt,11,5,hml>hml>smb>hml>smb>hml>smb,2,1,7.0,5.0
"hml,smb",mkt,11,5,hml>hml>smb>smb>hml>hml>hml>hml>smb,2,1,9.0,6.0
"hml,smb",mkt,11,5,hml>hml>smb>smb>hml>hml>hml>hml>smb>hml,2,1,10.0,7.0
"hml,smb",mkt,11,5,hml>hml>smb>smb>hml>hml>hml>hml>smb>smb>smb,2,1,11.0,36.0
"hml,smb",mkt,11,5,hml>hml>smb>smb>hml>hml>hml>smb>hml,2,1,9.0,5.5
"hml,smb",mkt,11,5,hml>hml>smb>smb>hml>hml>smb>hml>hml>hml,2,1,10.0,7.5
"hml,smb",mkt,11,5,hml>hml>smb>smb>hml>hml>smb>hml>hml>smb>hml,2,1,11.0,5.0
"hml,smb",mkt,11,5,hml>hml>smb>smb>hml>hml>smb>hml>hml>smb>smb,2,1,11.0,78.0
"hml,smb",mkt,11,5,hml>hml>smb>smb>hml>hml>smb>hml>smb>hml>smb,2,1,11.0,5.0
"hml,smb",mkt,11,5,hml>hml>smb>smb>hml>hml>smb>hml>smb>smb>hml,2,1,11.0,12.5
"hml,smb",mkt,11,5,hml>hml>smb>smb>hml>hml>smb>hml>smb>smb>smb,2,1,11.0,8.5
"hml,smb",mkt,11,5,hml>hml>smb>smb>hml>hml>smb>smb>hml>hml,2,1,10.0,8.0
"hml,smb",mkt,11,5,hml>hml>smb>smb>hml>hml>smb>smb>hml>smb>hml,2,1,11.0,51.0
"hml,smb",mkt,11,5,hml>hml>smb>smb>hml>hml>smb>smb>hml>smb>smb,2,1,11.0,13.5
"hml,smb",mkt,11,5,hml>hml>smb>smb>hml>hml>smb>smb>smb>hml,2,1,10.0,5.5
"hml,smb",mkt,11,5,hml>hml>smb>smb>hml>smb>hml>hml,2,1,8.0,6.5
"hml,smb",mkt,11,5,hml>hml>smb>smb>hml>smb>hml>hml>smb,2,1,9.0,6.0
"hml,smb",mkt,11,5,hml>hml>smb>smb>hml>smb>hml>hml>smb>hml>hml,2,1,11.0,16.0
"hml,smb",mkt,11,5,hml>hml>smb>smb>hml>smb>hml>hml>smb>hml>smb,2,1,11.0,5.0
"hml,smb",mkt,11,5,hml>hml>smb>smb>hml>smb>hml>hml>smb>smb>hml,2,1,11.0,11.0
"hml,smb",mkt,11,5,hml>hml>smb>smb>hml>smb>hml>smb,2,2,8.0,6.0
"hml,smb",mkt,11,5,hml>hml>smb>smb>hml>smb>hml>smb>smb,2,1,9.0,5.5
"hml,smb",mkt,11,5,hml>hml>smb>smb>hml>smb>hml>smb>smb>hml,2,1,10.0,5.0
"hml,smb",mkt,11,5,hml>hml>smb>smb>hml>smb>hml>smb>smb>smb>hml,2,1,11.0,15.0
"hml,smb",mkt,11,5,hml>hml>smb>smb>hml>smb>hml>smb>smb>smb>smb,2,1,11.0,19.0
"hml,smb",mkt,11,5,hml>hml>smb>smb>hml>smb>smb>hml,2,1,8.0,5.0
"hml,smb",mkt,11,5,hml>hml>smb>smb>hml>smb>smb>smb>smb>smb>smb,2,1,11.0,12.5
"hml,smb",mkt,11,5,hml>hml>smb>smb>smb>hml>hml>hml,2,1,8.0,5.0
"hml,smb",mkt,11,5,hml>hml>smb>smb>smb>hml>hml>hml>hml>hml>hml,2,1,11.0,25.5
"hml,smb",mkt,11,5,hml>hml>smb>smb>smb>hml>hml>hml>hml>smb,2,1,10.0,7.0
"hml,smb",mkt,11,5,hml>hml>smb>smb>smb>hml>hml>hml>hml>smb>hml,2,1,11.0,10.0
"hml,smb",mkt,11,5,hml>hml>smb>smb>smb>hml>hml>hml>hml>smb>smb,2,1,11.0,6.5
"hml,smb",mkt,11,5,hml>hml>smb>smb>smb>hml>hml>smb>hml>hml,2,1,10.0,7.0
"hml,smb",mkt,11,5,hml>hml>smb>smb>smb>hml>hml>smb>smb,2,1,9.0,5.0
"hml,smb",mkt,11,5,hml>hml>smb>smb>smb>hml>hml>smb>smb>smb>smb,2,1,11.0,18.0
"hml,smb",mkt,11,5,hml>hml>smb>smb>smb>hml>smb>hml>hml>smb,2,1,10.0,6.5
"hml,smb",mkt,11,5,hml>hml>smb>smb>smb>smb>hml>hml>hml>smb,2,1,10.0,6.0
"hml,smb",mkt,11,5,hml>hml>smb>smb>smb>smb>hml>hml>smb>smb,2,1,10.0,5.0
"hml,smb",mkt,11,5,hml>hml>smb>smb>smb>smb>hml>smb>hml>hml,2,1,10.0,6.5
"hml,smb",mkt,11,5,hml>hml>smb>smb>smb>smb>smb,2,2,7.0,6.0
"hml,smb",mkt,11,5,hml>hml>smb>smb>smb>smb>smb>hml>smb>smb>hml,2,1,11.0,8.0
"hml,smb",mkt,11,5,hml>hml>smb>smb>smb>smb>smb>hml>smb>smb>smb,2,1,11.0,15.0
"hml,smb",mkt,11,5,hml>hml>smb>smb>smb>smb>smb>smb,2,1,8.0,5.5
"hml,smb",mkt,11,5,hml>smb,2,2,2.0,7.0
"hml,smb",mkt,11,5,hml>smb>hml>hml>hml>smb>hml>smb>hml>smb>hml,2,1,11.0,6.0
"hml,smb",mkt,11,5,hml>smb>hml>hml>hml>smb>hml>smb>hml>smb>smb,2,1,11.0,18.5
"hml,smb",mkt,11,5,hml>smb>hml>hml>hml>smb>hml>smb>smb>hml,2,1,10.0,5.0
"hml,smb",mkt,11,5,hml>smb>hml>hml>hml>smb>smb>smb,2,1,8.0,5.0
"hml,smb",mkt,11,5,hml>smb>hml>hml>smb,2,2,5.0,6.0
"hml,smb",mkt,11,5,hml>smb>hml>hml>smb>hml>hml>hml>smb>hml,2,1,10.0,5.5
"hml,smb",mkt,11,5,hml>smb>hml>hml>smb>hml>hml>smb>hml>hml>hml,2,1,11.0,14.5
"hml,smb",mkt,11,5,hml>smb>hml>hml>smb>hml>hml>smb>hml>smb>smb,2,1,11.0,7.5
"hml,smb",mkt,11,5,hml>smb>hml>hml>smb>smb,2,1,6.0,5.0
"hml,smb",mkt,11,5,hml>smb>hml>hml>smb>smb>hml>hml>hml,2,1,9.0,8.0
"hml,smb",mkt,11,5,hml>smb>hml>hml>smb>smb>hml>hml>hml>smb>hml,2,1,11.0,5.0
"hml,smb",mkt,11,5,hml>smb>hml>hml>smb>smb>hml>hml>smb>hml>smb,2,1,11.0,5.5
"hml,smb",mkt,11,5,hml>smb>hml>hml>smb>smb>hml>smb>hml>hml,2,1,10.0,7.0
"hml,smb",mkt,11,5,hml>smb>hml>hml>smb>smb>hml>smb>hml>smb>hml,2,1,11.0,5.0
"hml,smb",mkt,11,5,hml>smb>hml>hml>smb>smb>smb>hml,2,1,8.0,6.0
"hml,smb",mkt,11,5,hml>smb>hml>hml>smb>smb>smb>hml>hml>hml,2,1,10.0,5.5
"hml,smb",mkt,11,5,hml>smb>hml>hml>smb>smb>smb>hml>smb>hml>smb,2,1,11.0,5.5
"hml,smb",mkt,11,5,hml>smb>hml>hml>smb>smb>smb>smb>hml>hml>hml,2,1,11.0,23.5
"hml,smb",mkt,11,5,hml>smb>hml>hml>smb>smb>smb>smb>hml>smb>hml,2,1,11.0,22.0
"hml,smb",mkt,11,5,hml>smb>hml>hml>smb>smb>smb>smb>hml>smb>smb,2,1,11.0,29.0
"hml,smb",mkt,11,5,hml>smb>hml>hml>smb>smb>smb>smb>smb>smb,2,1,10.0,6.0
"hml,smb",mkt,11,5,hml>smb>hml>smb>hml>hml>hml>hml,2,1,8.0,8.0
"hml,smb",mkt,11,5,hml>smb>hml>smb>hml>hml>hml>smb>hml,2,1,9.0,6.0
"hml,smb",mkt,11,5,hml>smb>hml>smb>hml>hml>hml>smb>hml>smb>hml,2,1,11.0,9.0
"hml,smb",mkt,11,5,hml>smb>hml>smb>hml>hml>hml>smb>smb,2,1,9.0,5.5
"hml,smb",mkt,11,5,hml>smb>hml>smb>hml>hml>smb>hml>hml,2,1,9.0,7.0
"hml,smb",mkt,11,5,hml>smb>hml>smb>hml>hml>smb>hml>smb>smb,2,1,10.0,7.0
"hml,smb",mkt,11,5,hml>smb>hml>smb>hml>hml>smb>smb>hml>smb,2,1,10.0,7.0
"hml,smb",mkt,11,5,hml>smb>hml>smb>hml>hml>smb>smb>smb>hml>smb,2,1,11.0,29.5
"hml,smb",mkt,11,5,hml>smb>hml>smb>hml>hml>smb>smb>smb>smb>smb,2,1,11.0,34.5
"hml,smb",mkt,11,5,hml>smb>hml>smb>hml>smb>hml>hml,2,1,8.0,8.0
"hml,smb",mkt,11,5,hml>smb>hml>smb>hml>smb>hml>hml>hml,2,1,9.0,6.0
"hml,smb",mkt,11,5,hml>smb>hml>smb>hml>smb>hml>hml>smb,2,1,9.0,7.0
"hml,smb",mkt,11,5,hml>smb>hml>smb>hml>smb>hml>hml>smb>hml,2,1,10.0,5.0
"hml,smb",mkt,11,5,hml>smb>hml>smb>hml>smb>hml>hml>smb>smb>smb,2,1,11.0,6.0
"hml,smb",mkt,11,5,hml>smb>hml>smb>hml>smb>smb>hml>hml>smb>hml,2,1,11.0,13.0
"hml,smb",mkt,11,5,hml>smb>hml>smb>hml>smb>smb>hml>hml>smb>smb,2,1,11.0,9.5
"hml,smb",mkt,11,5,hml>smb>hml>smb>hml>smb>smb>hml>smb,2,1,9.0,6.0
"hml,smb",mkt,11,5,hml>smb>hml>smb>hml>smb>smb>hml>smb>hml>hml,2,1,11.0,23.5
"hml,smb",mkt,11,5,hml>smb>hml>smb>hml>smb>smb>hml>smb>smb,2,1,10.0,8.0
"hml,smb",mkt,11,5,hml>smb>hml>smb>hml>smb>smb>smb>hml>hml>hml,2,1,11.0,7.0
"hml,smb",mkt,11,5,hml>smb>hml>smb>hml>smb>smb>smb>hml>smb,2,1,10.0,6.0
"hml,smb",mkt,11,5,hml>smb>hml>smb>hml>smb>smb>smb>hml>smb>hml,2,1,11.0,6.0
"hml,smb",mkt,11,5,hml>smb>hml>smb>hml>smb>smb>smb>hml>smb>smb,2,1,11.0,9.5
"hml,smb",mkt,11,5,hml>smb>hml>smb>smb>hml>hml>hml>hml>hml,2,1,10.0,5.0
"hml,smb",mkt,11,5,hml>smb>hml>smb>smb>hml>hml>hml>smb>smb>smb,2,1,11.0,11.0
"hml,smb",mkt,11,5,hml>smb>hml>smb>smb>hml>hml>smb,2,2,8.0,7.5
"hml,smb",mkt,11,5,hml>smb>hml>smb>smb>hml>hml>smb>hml>hml>hml,2,1,11.0,8.0
"hml,smb",mkt,11,5,hml>smb>hml>smb>smb>hml>hml>smb>hml>hml>smb,2,1,11.0,8.0
"hml,smb",mkt,11,5,hml>smb>hml>smb>smb>hml>hml>smb>hml>smb>hml,2,1,11.0,9.0
"hml,smb",mkt,11,5,hml>smb>hml>smb>smb>hml>hml>smb>hml>smb>smb,2,1,11.0,11.5
"hml,smb",mkt,11,5,hml>smb>hml>smb>smb>hml>hml>smb>smb>hml,2,1,10.0,6.0
"hml,smb",mkt,11,5,hml>smb>hml>smb>smb>hml>hml>smb>smb>smb>hml,2,1,11.0,5.0
"hml,smb",mkt,11,5,hml>smb>hml>smb>smb>hml>hml>smb>smb>smb>smb,2,1,11.0,45.0
"hml,smb",mkt,11,5,hml>smb>hml>smb>smb>hml>smb>hml>hml>smb>hml,2,1,11.0,6.0
"hml,smb",mkt,11,5,hml>smb>hml>smb>smb>hml>smb>hml>hml>smb>smb,2,1,11.0,5.0
"hml,smb",mkt,11,5,hml>smb>hml>smb>smb>hml>smb>hml>smb>hml,2,2,10.0,6.5
"hml,smb",mkt,11,5,hml>smb>hml>smb>smb>hml>smb>hml>smb>smb>smb,2,1,11.0,8.5
"hml,smb",mkt,11,5,hml>smb>hml>smb>smb>hml>smb>smb>hml,2,1,9.0,6.0
"hml,smb",mkt,11,5,hml>smb>hml>smb>smb>smb>hml,2,1,7.0,6.0
"hml,smb",mkt,11,5,hml>smb>hml>smb>smb>smb>hml>hml>smb>hml,2,1,10.0,6.0
"hml,smb",mkt,11,5,hml>smb>hml>smb>smb>smb>hml>hml>smb>smb,2,1,10.0,6.0
"hml,smb",mkt,11,5,hml>smb>hml>smb>smb>smb>smb>hml,2,2,8.0,7.5
"hml,smb",mkt,11,5,hml>smb>hml>smb>smb>smb>smb>hml>hml,2,1,9.0,5.0
"hml,smb",mkt,11,5,hml>smb>hml>smb>smb>smb>smb>hml>hml>hml>hml,2,1,11.0,7.0
"hml,smb",mkt,11,5,hml>smb>hml>smb>smb>smb>smb>hml>smb>smb>hml,2,1,11.0,18.0
"hml,smb",mkt,11,5,hml>smb>hml>smb>smb>smb>smb>hml>smb>smb>smb,2,1,11.0,7.0
"hml,smb",mkt,11,5,hml>smb>hml>smb>smb>smb>smb>smb>hml>hml>hml,2,1,11.0,9.5
"hml,smb",mkt,11,5,hml>smb>hml>smb>smb>smb>smb>smb>hml>smb,2,1,10.0,7.0
"hml,smb",mkt,11,5,hml>smb>hml>smb>smb>smb>smb>smb>smb>smb,2,1,10.0,5.0
"hml,smb",mkt,11,5,hml>smb>smb,2,2,3.0,5.0
"hml,smb",mkt,11,5,hml>smb>smb>hml>hml>hml>hml>hml>hml>smb>hml,2,1,11.0,6.5
"hml,smb",mkt,11,5,hml>smb>smb>hml>hml>hml>hml>hml>smb>smb>smb,2,1,11.0,62.5
"hml,smb",mkt,11,5,hml>smb>smb>hml>hml>hml>smb,2,2,7.0,5.5
"hml,smb",mkt,11,5,hml>smb>smb>hml>hml>hml>smb>hml,2,2,8.0,5.5
"hml,smb",mkt,11,5,hml>smb>smb>hml>hml>hml>smb>smb>hml>hml>smb,2,1,11.0,5.5
"hml,smb",mkt,11,5,hml>smb>smb>hml>hml>hml>smb>smb>smb>hml,2,1,10.0,6.0
"hml,smb",mkt,11,5,hml>smb>smb>hml>hml>smb>hml>hml>hml>smb>smb,2,1,11.0,6.5
"hml,smb",mkt,11,5,hml>smb>smb>hml>hml>smb>smb>hml,2,2,8.0,7.0
"hml,smb",mkt,11,5,hml>smb>smb>hml>hml>smb>smb>hml>hml>hml>hml,2,1,11.0,6.5
"hml,smb",mkt,11,5,hml>smb>smb>hml>hml>smb>smb>hml>hml>smb>hml,2,1,11.0,18.0
"hml,smb",mkt,11,5,hml>smb>smb>hml>hml>smb>smb>hml>smb>smb>hml,2,1,11.0,7.0
"hml,smb",mkt,11,5,hml>smb>smb>hml>smb>hml>smb>smb>hml>hml>hml,2,1,11.0,5.5
"hml,smb",mkt,11,5,hml>smb>smb>hml>smb>smb>hml,2,1,7.0,5.0
"hml,smb",mkt,11,5,hml>smb>smb>smb>smb>hml>hml>smb,2,1,8.0,5.5
"hml,smb",mkt,11,5,hml>smb>smb>smb>smb>hml>smb,2,1,7.0,6.5
"hml,smb",mkt,11,5,smb>hml>hml>hml>hml>hml>hml>hml,2,1,8.0,5.0
"hml,smb",mkt,11,5,smb>hml>hml>hml>hml>hml>hml>smb>hml,2,1,9.0,7.5
"hml,smb",mkt,11,5,smb>hml>hml>hml>hml>hml>hml>smb>hml>hml,2,1,10.0,5.0
"hml,smb",mkt,11,5,smb>hml>hml>hml>hml>hml>hml>smb>hml>smb>smb,2,1,11.0,36.5
"hml,smb",mkt,11,5,smb>hml>hml>hml>hml>hml>hml>smb>smb>smb>hml,2,1,11.0,11.5
"hml,smb",mkt,11,5,smb>hml>hml>hml>hml>hml>hml>smb>smb>smb>smb,2,1,11.0,106.5
"hml,smb",mkt,11,5,smb>hml>hml>hml>hml>hml>smb>hml,2,1,8.0,5.0
"hml,smb",mkt,11,5,smb>hml>hml>hml>hml>smb>hml,2,1,7.0,7.0
"hml,smb",mkt,11,5,smb>hml>hml>hml>hml>smb>hml>hml,2,1,8.0,8.0
"hml,smb",mkt,11,5,smb>hml>hml>hml>hml>smb>hml>smb>hml>hml,2,1,10.0,5.5
"hml,smb",mkt,11,5,smb>hml>hml>hml>hml>smb>hml>smb>hml>smb>hml,2,1,11.0,5.0
"hml,smb",mkt,11,5,smb>hml>hml>hml>hml>smb>hml>smb>hml>smb>smb,2,1,11.0,5.0
"hml,smb",mkt,11,5,smb>hml>hml>hml>hml>smb>hml>smb>smb,2,1,9.0,6.0
"hml,smb",mkt,11,5,smb>hml>hml>hml>smb>smb>smb>smb,2,1,8.0,5.5
"hml,smb",mkt,11,5,smb>hml>hml>smb>hml,2,1,5.0,6.0
"hml,smb",mkt,11,5,smb>hml>hml>smb>hml>hml>hml,2,1,7.0,8.0
"hml,smb",mkt,11,5,smb>hml>hml>smb>hml>hml>hml>hml>hml>smb>smb,2,1,11.0,6.0
"hml,smb",mkt,11,5,smb>hml>hml>smb>hml>hml>hml>hml>smb,2,1,9.0,5.0
"hml,smb",mkt,11,5,smb>hml>hml>smb>hml>hml>smb>smb,2,1,8.0,5.5
"hml,smb",mkt,11,5,smb>hml>hml>smb>hml>hml>smb>smb>hml>hml,2,1,10.0,5.0
"hml,smb",mkt,11,5,smb>hml>hml>smb>hml>hml>smb>smb>smb,2,1,9.0,5.5
"hml,smb",mkt,11,5,smb>hml>hml>smb>hml>hml>smb>smb>smb>smb,2,1,10.0,8.0
"hml,smb",mkt,11,5,smb>hml>hml>smb>hml>hml>smb>smb>smb>smb>hml,2,1,11.0,8.5
"hml,smb",mkt,11,5,smb>hml>hml>smb>hml>hml>smb>smb>smb>smb>smb,2,1,11.0,5.0
"hml,smb",mkt,11,5,smb>hml>hml>smb>smb>smb>smb>smb,2,1,8.0,5.5
"hml,smb",mkt,11,5,smb>hml>smb>smb>hml,2,1,5.0,5.0
"hml,smb",mkt,11,5,smb>hml>smb>smb>hml>hml,2,1,6.0,6.5
"hml,smb",mkt,11,5,smb>hml>smb>smb>hml>hml>hml,2,1,7.0,6.5
"hml,smb",mkt,11,5,smb>hml>smb>smb>hml>hml>smb>hml,2,1,8.0,7.0
"hml,smb",mkt,11,5,smb>hml>smb>smb>hml>smb,2,1,6.0,7.5
"hml,smb",mkt,11,5,smb>hml>smb>smb>hml>smb>hml,2,1,7.0,5.5
"hml,smb",mkt,11,5,smb>hml>smb>smb>hml>smb>smb>hml>hml>hml>hml,2,1,11.0,14.5
"hml,smb",mkt,11,5,smb>hml>smb>smb>hml>smb>smb>hml>hml>smb,2,1,10.0,5.5
"hml,smb",mkt,11,5,smb>hml>smb>smb>hml>smb>smb>smb>hml,2,1,9.0,5.5
"hml,smb",mkt,11,5,smb>hml>smb>smb>hml>smb>smb>smb>hml>hml>hml,2,1,11.0,27.5
"hml,smb",mkt,11,5,smb>hml>smb>smb>smb>hml>hml>hml,2,1,8.0,8.0
"hml,smb",mkt,11,5,smb>hml>smb>smb>smb>hml>smb>hml>hml>hml,2,1,10.0,8.0
"hml,smb",mkt,11,5,smb>hml>smb>smb>smb>hml>smb>hml>hml>smb,2,1,10.0,5.0
"hml,smb",mkt,11,5,smb>smb>hml,2,1,3.0,6.0
"hml,smb",mkt,11,5,smb>smb>hml>hml>hml>smb>hml,2,1,7.0,6.5
"hml,smb",mkt,11,5,smb>smb>hml>hml>hml>smb>hml>hml>smb>hml>hml,2,1,11.0,16.0
"hml,smb",mkt,11,5,smb>smb>hml>hml>hml>smb>hml>hml>smb>smb>hml,2,1,11.0,16.5
"hml,smb",mkt,11,5,smb>smb>hml>hml>hml>smb>smb>smb>hml>smb>hml,2,1,11.0,7.5
"hml,smb",mkt,11,5,smb>smb>hml>smb>smb>hml>hml,2,1,7.0,5.5
"hml,smb",mkt,11,5,smb>smb>hml>smb>smb>smb>hml,2,1,7.0,7.0
"hml,smb",mkt,11,5,smb>smb>hml>smb>smb>smb>hml>hml>hml>hml,2,1,10.0,5.0
"hml,smb",mkt,11,5,smb>smb>hml>smb>smb>smb>hml>hml>smb,2,1,9.0,5.5
"hml,smb",mkt,11,5,hml>hml>hml,1,1,3.0,7.0
"hml,smb",mkt,11,5,hml>hml>hml>hml>hml>hml>smb,1,1,7.0,5.0
"hml,smb",mkt,11,5,hml>hml>hml>hml>hml>hml>smb>smb,1,1,8.0,5.0
"hml,smb",mkt,11,5,hml>hml>hml>hml>hml>smb>smb>hml>hml,1,1,9.0,8.0
"hml,smb",mkt,11,5,hml>hml>hml>hml>smb>smb>smb,1,1,7.0,5.0
"hml,smb",mkt,11,5,hml>hml>hml>hml>smb>smb>smb>smb>hml>smb,1,1,10.0,5.0
"hml,smb",mkt,11,5,hml>hml>hml>hml>smb>smb>smb>smb>smb,1,1,9.0,7.0
"hml,smb",mkt,11,5,hml>hml>hml>smb>hml>hml>hml,1,1,7.0,8.0
"hml,smb",mkt,11,5,hml>hml>hml>smb>hml>hml>hml>smb>smb,1,1,9.0,6.0
"hml,smb",mkt,11,5,hml>hml>hml>smb>hml>hml>smb>hml>hml>smb,1,1,10.0,8.0
"hml,smb",mkt,11,5,hml>hml>hml>smb>hml>smb>hml>hml>smb>smb,1,1,10.0,6.0
"hml,smb",mkt,11,5,hml>hml>hml>smb>hml>smb>hml>smb>smb,1,1,9.0,8.0
"hml,smb",mkt,11,5,hml>hml>hml>smb>smb>hml,1,1,6.0,5.0
"hml,smb",mkt,11,5,hml>hml>hml>smb>smb>hml>hml,1,1,7.0,7.0
"hml,smb",mkt,11,5,hml>hml>hml>smb>smb>hml>hml>smb>hml>hml,1,1,10.0,8.0
"hml,smb",mkt,11,5,hml>hml>hml>smb>smb>hml>hml>smb>smb>hml,1,1,10.0,5.0
"hml,smb",mkt,11,5,hml>hml>hml>smb>smb>hml>hml>smb>smb>smb,1,1,10.0,9.0
"hml,smb",mkt,11,5,hml>hml>hml>smb>smb>smb>smb>hml>hml>smb,1,1,10.0,9.0
"hml,smb",mkt,11,5,hml>hml>smb>hml>smb>hml,1,1,6.0,8.0
"hml,smb",mkt,11,5,hml>hml>smb>hml>smb>hml>hml,1,1,7.0,9.0
"hml,smb",mkt,11,5,hml>hml>smb>hml>smb>hml>hml>hml>hml,1,1,9.0,9.0
"hml,smb",mkt,11,5,hml>hml>smb>hml>smb>hml>hml>smb,1,1,8.0,6.0
"hml,smb",mkt,11,5,hml>hml>smb>hml>smb>hml>hml>smb>smb,1,1,9.0,7.0
"hml,smb",mkt,11,5,hml>hml>smb>smb>hml>hml>hml>hml>smb>smb,1,1,10.0,5.0
"hml,smb",mkt,11,5,hml>hml>smb>smb>hml>hml>smb>hml>smb>hml,1,1,10.0,6.0
"hml,smb",mkt,11,5,hml>hml>smb>smb>hml>smb>hml>hml>smb>smb,1,1,10.0,5.0
"hml,smb",mkt,11,5,hml>hml>smb>smb>hml>smb>smb>smb>smb>smb,1,1,10.0,8.0
"hml,smb",mkt,11,5,hml>hml>smb>smb>smb>hml>hml>hml>hml,1,1,9.0,6.0
"hml,smb",mkt,11,5,hml>hml>smb>smb>smb>hml>hml>hml>hml>hml,1,1,10.0,7.0
"hml,smb",mkt,11,5,hml>hml>smb>smb>smb>hml>hml>smb>hml,1,1,9.0,6.0
"hml,smb",mkt,11,5,hml>hml>smb>smb>smb>hml>smb>hml>hml,1,1,9.0,6.0
"hml,smb",mkt,11,5,hml>hml>smb>smb>smb>smb>hml>hml>hml,1,1,9.0,9.0
"hml,smb",mkt,11,5,hml>hml>smb>smb>smb>smb>hml>hml>smb,1,1,9.0,6.0
"hml,smb",mkt,11,5,hml>hml>smb>smb>smb>smb>smb>hml>hml,1,1,9.0,7.0
"hml,smb",mkt,11,5,hml>hml>smb>smb>smb>smb>smb>hml>smb,1,1,9.0,8.0
"hml,smb",mkt,11,5,hml>smb>hml,1,1,3.0,8.0
"hml,smb",mkt,11,5,hml>smb>hml>hml>hml>smb,1,1,6.0,5.0
"hml,smb",mkt,11,5,hml>smb>hml>hml>hml>smb>hml>smb,1,1,8.0,5.0
"hml,smb",mkt,11,5,hml>smb>hml>hml>hml>smb>hml>smb>hml,1,1,9.0,9.0
"hml,smb",mkt,11,5,hml>smb>hml>hml>hml>smb>hml>smb>hml>hml,1,1,10.0,9.0
"hml,smb",mkt,11,5,hml>smb>hml>hml>hml>smb>hml>smb>smb,1,1,9.0,5.0
"hml,smb",mkt,11,5,hml>smb>hml>hml>smb>hml,1,1,6.0,6.0
"hml,smb",mkt,11,5,hml>smb>hml>hml>smb>hml>hml>smb>hml>hml,1,1,10.0,6.0
"hml,smb",mkt,11,5,hml>smb>hml>hml>smb>smb>hml>hml>hml>smb,1,1,10.0,8.0
"hml,smb",mkt,11,5,hml>smb>hml>hml>smb>smb>hml>hml>smb,1,1,9.0,7.0
"hml,smb",mkt,11,5,hml>smb>hml>hml>smb>smb>hml>hml>smb>hml,1,1,10.0,5.0
"hml,smb",mkt,11,5,hml>smb>hml>hml>smb>smb>hml>smb,1,1,8.0,7.0
"hml,smb",mkt,11,5,hml>smb>hml>hml>smb>smb>hml>smb>hml>smb,1,1,10.0,5.0
"hml,smb",mkt,11,5,hml>smb>hml>hml>smb>smb>smb,1,1,7.0,6.0
"hml,smb",mkt,11,5,hml>smb>hml>hml>smb>smb>smb>hml>hml,1,1,9.0,5.0
"hml,smb",mkt,11,5,hml>smb>hml>hml>smb>smb>smb>smb>hml>hml,1,1,10.0,5.0
"hml,smb",mkt,11,5,hml>smb>hml>smb>hml>hml>smb>hml>smb,1,1,9.0,5.0
"hml,smb",mkt,11,5,hml>smb>hml>smb>hml>hml>smb>smb>hml,1,1,9.0,5.0
"hml,smb",mkt,11,5,hml>smb>hml>smb>hml>smb>hml>hml>smb>smb,1,1,10.0,9.0
"hml,smb",mkt,11,5,hml>smb>hml>smb>hml>smb>smb>hml>smb>hml,1,1,10.0,6.0
"hml,smb",mkt,11,5,hml>smb>hml>smb>smb>hml>smb>hml>hml,1,1,9.0,5.0
"hml,smb",mkt,11,5,hml>smb>hml>smb>smb>hml>smb>hml>smb>smb,1,1,10.0,6.0
"hml,smb",mkt,11,5,hml>smb>hml>smb>smb>hml>smb>smb>smb,1,1,9.0,7.0
"hml,smb",mkt,11,5,hml>smb>hml>smb>smb>smb,1,1,6.0,5.0
"hml,smb",mkt,11,5,hml>smb>hml>smb>smb>smb>smb,1,1,7.0,5.0
"hml,smb",mkt,11,5,hml>smb>hml>smb>smb>smb>smb>smb>smb,1,1,9.0,7.0
"hml,smb",mkt,11,5,hml>smb>smb>hml>hml>hml,1,1,6.0,5.0
"hml,smb",mkt,11,5,hml>smb>smb>hml>hml>hml>hml>hml>hml,1,1,9.0,9.0
"hml,smb",mkt,11,5,hml>smb>smb>hml>hml>hml>hml>hml>smb>smb,1,1,10.0,5.0
"hml,smb",mkt,11,5,hml>smb>smb>hml>hml>hml>smb>smb>hml>hml,1,1,10.0,7.0
"hml,smb",mkt,11,5,hml>smb>smb>hml>hml>hml>smb>smb>smb,1,1,9.0,6.0
"hml,smb",mkt,11,5,hml>smb>smb>hml>hml>smb>hml>hml>hml,1,1,9.0,6.0
"hml,smb",mkt,11,5,hml>smb>smb>hml>hml>smb>hml>hml>hml>smb,1,1,10.0,5.0
"hml,smb",mkt,11,5,hml>smb>smb>hml>hml>smb>smb>hml>smb,1,1,9.0,5.0
"hml,smb",mkt,11,5,hml>smb>smb>hml>smb>hml>smb>smb>hml>hml,1,1,10.0,7.0
"hml,smb",mkt,11,5,hml>smb>smb>smb,1,1,4.0,5.0
"hml,smb",mkt,11,5,hml>smb>smb>smb>smb,1,1,5.0,6.0
"hml,smb",mkt,11,5,hml>smb>smb>smb>smb>hml>hml,1,1,7.0,5.0
"hml,smb",mkt,11,5,smb>hml>hml,1,1,3.0,5.0
"hml,smb",mkt,11,5,smb>hml>hml>hml>hml,1,1,5.0,5.0
"hml,smb",mkt,11,5,smb>hml>hml>hml>hml>hml,1,1,6.0,5.0
"hml,smb",mkt,11,5,smb>hml>hml>hml>hml>hml>hml,1,1,7.0,7.0
"hml,smb",mkt,11,5,smb>hml>hml>hml>hml>hml>hml>smb,1,1,8.0,8.0
"hml,smb",mkt,11,5,smb>hml>hml>hml>hml>hml>hml>smb>hml>smb,1,1,10.0,6.0
"hml,smb",mkt,11,5,smb>hml>hml>hml>hml>hml>hml>smb>smb,1,1,9.0,6.0
"hml,smb",mkt,11,5,smb>hml>hml>hml>hml>hml>smb>hml>smb,1,1,9.0,8.0
"hml,smb",mkt,11,5,smb>hml>hml>hml>hml>hml>smb>hml>smb>smb,1,1,10.0,6.0
"hml,smb",mkt,11,5,smb>hml>hml>hml>smb,1,1,5.0,8.0
"hml,smb",mkt,11,5,smb>hml>hml>hml>smb>smb,1,1,6.0,6.0
"hml,smb",mkt,11,5,smb>hml>hml>hml>smb>smb>smb,1,1,7.0,5.0
"hml,smb",mkt,11,5,smb>hml>hml>smb>hml>hml>hml>hml,1,1,8.0,9.0
"hml,smb",mkt,11,5,smb>hml>hml>smb>hml>hml>hml>hml>hml,1,1,9.0,7.0
"hml,smb",mkt,11,5,smb>hml>hml>smb>hml>hml>hml>hml>hml>smb,1,1,10.0,6.0
"hml,smb",mkt,11,5,smb>hml>hml>smb>hml>hml>smb,1,1,7.0,5.0
"hml,smb",mkt,11,5,smb>hml>hml>smb>smb>smb>smb,1,1,7.0,7.0
"hml,smb",mkt,11,5,smb>hml>smb>smb>hml>hml>smb,1,1,7.0,6.0
"hml,smb",mkt,11,5,smb>hml>smb>smb>hml>smb>smb>hml,1,1,8.0,6.0
"hml,smb",mkt,11,5,smb>hml>smb>smb>hml>smb>smb>hml>hml>hml,1,1,10.0,6.0
"hml,smb",mkt,11,5,smb>hml>smb>smb>smb>hml>hml,1,1,7.0,5.0
"hml,smb",mkt,11,5,smb>smb>hml>hml>hml,1,1,5.0,8.0
"hml,smb",mkt,11,5,smb>smb>hml>hml>hml>smb>hml>hml,1,1,8.0,9.0
"hml,smb",mkt,11,5,smb>smb>hml>hml>hml>smb>hml>hml>smb>smb,1,1,10.0,5.0
"hml,smb",mkt,11,5,smb>smb>hml>hml>hml>smb>smb>smb>hml,1,1,9.0,5.0
"hml,smb",mkt,11,5,smb>smb>hml>hml>hml>smb>smb>smb>hml>smb,1,1,10.0,6.0
"hml,smb",mkt,11,5,smb>smb>hml>smb,1,1,4.0,5.0
"hml,smb",mkt,11,5,smb>smb>hml>smb>smb>hml,1,1,6.0,5.0
"hml,smb",mkt,11,5,smb>smb>hml>smb>smb>smb>hml>hml,1,1,8.0,9.0
